{
  "accuracy": 0.2361111111111111,
  "precision": 0.25303688053601076,
  "recall": 0.2361111111111111,
  "f1_score": 0.20700431628595692
}