accuracy,precision,recall,f1_score
0.2361111111111111,0.25303688053601076,0.2361111111111111,0.20700431628595692
