n_states,avg_logL,avg_F1,BIC
5,-335705.1321502413,0.3186434002891322,5372966.370117808
