{
  "accuracy": 0.2263888888888889,
  "precision": 0.2518478836132889,
  "recall": 0.2263888888888889,
  "f1_score": 0.20154062882862545
}