family,mi
prosodic,0.1698829347166374
combined,0.09114743959763046
mfcc,0.08372953724660127
spectral,0.04854445673626747
chroma,0.018463943726210703
