family,mi,p_val,mi_null_mean
prosodic,0.1698829347166374,0.009900990099009901,0.007600158135296176
combined,0.09114743959763046,0.009900990099009901,0.007568174370638094
mfcc,0.08372953724660127,0.009900990099009901,0.007571965185403504
spectral,0.04854445673626747,0.009900990099009901,0.007741551313605924
chroma,0.018463943726210703,0.009900990099009901,0.007670241385687913
